ID,Gender,Age,Extra_Curricular,Study_Hours,Annual_Income,Distance_From_Home,GPA
8867,Male,22,Societies,10,1318792,154,1.76
1316,Female,24,Societies,9,874657,181,3.88
9443,Male,22,Societies,15,1098331,94,1.73
1829,Female,25,No,9,1680585,8,1.29
1989,Male,26,No,7,1361560,122,3.19
7297,Female,25,Societies,5,887824,107,2.42
7447,Male,23,Societies,10,1957325,22,3.05
2018,Male,21,Societies,7,1602856,130,2.14
1136,Female,23,Societies,8,429437,124,2.07
7702,Male,26,Sports,6,536744,81,1.85
1023,Male,26,Societies,5,462201,94,2.8
6989,Female,27,Sports,8,1005638,147,3.09
2508,Male,24,Sports,15,232972,106,3.01
8119,Male,27,Sports,13,1140514,28,3.25
6108,Female,26,Sports,6,869561,45,2.12
8619,Female,27,No,6,161863,25,1.87
2174,Male,21,No,14,1273053,92,2.03
5716,Female,24,Sports,11,1491542,197,1.59
4783,Male,25,No,11,1339798,75,3.74
3689,Male,23,No,15,1062827,76,1.31
1323,Female,25,Societies,8,1235987,99,1.04
2722,Male,25,Societies,7,1066063,166,3.45
9351,Female,26,No,10,104878,134,2.77
2915,Male,22,Sports,9,1187517,25,3.39
1290,Male,23,Societies,8,1177391,193,3.87
3972,Female,24,Sports,13,1928172,177,2.6
3141,Male,27,Societies,13,377864,164,1.85
2651,Female,24,Sports,11,1650440,137,3.65
3943,Female,27,Sports,10,191597,94,1.66
6196,Female,26,Sports,10,1278585,167,1.47
2506,Female,23,Sports,6,1584479,23,3.28
5164,Female,23,Societies,7,202149,48,3.16
3936,Male,22,Sports,8,1651044,13,3.59
3544,Male,24,Societies,10,1247659,23,3.1
3406,Male,27,Societies,9,1382781,131,1.7
9794,Female,23,No,9,641063,127,3.01
4439,Female,23,No,12,1191028,167,3.58
8066,Male,22,No,14,1198626,88,3.96
1442,Female,25,Sports,13,555830,200,1.45
7144,Male,26,Sports,9,1419554,155,2.7
7329,Female,22,Societies,15,1750277,159,1.83
2079,Female,27,No,11,254073,179,1.03
1692,Female,23,No,10,1995893,128,3.26
3119,Female,25,Societies,9,160743,43,2.11
3506,Female,23,No,7,1453692,104,3.26
2378,Female,22,Sports,11,1737307,101,1.33
8577,Female,27,Sports,12,568746,92,3.07
9565,Female,24,No,6,1348438,8,1.72
4104,Male,21,No,8,1445685,109,1.49
3482,Female,24,Sports,7,105765,125,2.61
5184,Male,21,Sports,15,675637,72,3.49
6606,Male,22,No,13,1361036,28,1.68
4742,Female,25,Sports,5,625211,136,2.93
9005,Female,22,No,9,552654,87,2.9
4823,Female,26,Sports,8,828072,15,3.86
9277,Female,23,Societies,6,1909998,114,1.03
9257,Male,24,No,6,490894,51,1.84
1873,Female,21,No,12,1483888,133,3.73
9706,Female,25,No,12,1340667,80,3.92
7645,Female,22,No,15,426564,133,3.35
2251,Male,27,Sports,5,1700583,113,2.65
7392,Male,21,Sports,11,283829,149,2.73
6676,Male,25,Societies,10,1286058,165,3.95
8425,Female,26,No,9,1871960,114,2.73
3521,Female,27,Sports,9,1510064,38,1.56
7020,Male,23,No,5,394327,113,2.24
3852,Male,22,Societies,6,1065873,149,1.75
1022,Female,25,Societies,9,1118933,65,2.38
4048,Male,26,Societies,7,1031666,136,2.68
3547,Female,27,Societies,6,1701633,88,3.49
1919,Female,21,No,14,1587415,176,2
9771,Male,26,Sports,10,1285593,179,3.14
5380,Female,25,Sports,8,332326,100,1.88
4444,Female,23,No,8,1464245,142,2.02
7142,Male,23,No,9,1827304,178,3.79
7970,Male,27,Sports,11,1808527,88,1.05
7229,Male,23,Societies,10,678702,87,1.55
2407,Female,22,Sports,9,1286135,8,1.42
2640,Male,26,Sports,6,653338,152,3.88
7994,Male,21,Sports,6,568326,185,3.51
7874,Male,24,Societies,12,1121390,165,2.58
2222,Male,22,No,8,1987677,180,1.78
1494,Female,22,No,9,629038,42,2.43
8241,Female,24,Sports,6,703026,151,3.52
1608,Male,27,Societies,15,628634,12,1.34
7264,Female,26,No,13,427813,91,3.43
8448,Male,27,No,9,583439,78,2.61
2579,Male,21,Sports,5,809570,19,2.86
7749,Male,22,Sports,15,1295753,124,1.63
7357,Female,24,No,8,1557487,169,3.16
3042,Male,26,No,13,1860683,89,3.98
4120,Male,24,Societies,11,188664,101,3.41
3828,Male,26,Sports,10,644551,74,1.86
9092,Male,25,No,7,844597,161,1.11
4923,Male,25,Societies,7,171181,11,2.88
1982,Female,26,Sports,8,1465704,140,2.58
2047,Male,25,No,15,755248,13,2.62
6507,Male,27,Sports,14,852831,31,1.5
9955,Female,27,Sports,7,1369050,19,3.09
2860,Male,21,Societies,7,1740432,41,1.58
3832,Male,27,Sports,14,668509,30,1.4
2886,Female,25,Societies,7,1397021,135,3.39
2627,Male,21,Societies,10,566542,23,1.16
8681,Male,24,Societies,13,837265,139,1.1
3583,Male,24,Societies,5,1846796,94,3.61
5890,Male,27,Societies,5,309861,166,3.26
2531,Female,24,No,9,760931,115,3.22
2343,Male,25,Societies,14,1543904,90,1.94
3942,Female,27,Sports,15,1340888,87,3.88
1328,Male,25,Sports,6,787552,81,3.08
3078,Female,26,Sports,15,729314,179,3.17
6583,Female,22,No,8,1364793,80,3.7
8392,Female,22,No,14,1866853,191,3.47
7575,Female,24,Societies,7,564004,117,2.42
9503,Male,26,No,9,1105070,122,3.85
7096,Female,22,Societies,7,838126,68,3.53
3130,Female,21,Sports,8,1164660,130,3.41
5267,Female,27,Sports,11,1605748,67,2.76
9401,Female,26,Societies,7,258508,199,3.07
5792,Male,23,No,7,980434,125,3.5
4835,Male,25,No,8,535398,82,1.52
1646,Female,26,Sports,9,1681713,41,3.63
1488,Female,27,Societies,13,1914478,25,2.67
8387,Female,23,Societies,5,795562,31,3.39
3296,Male,24,No,11,1675362,84,3.2
4855,Male,22,Sports,11,1260698,106,3.87
7412,Female,26,Sports,5,1846367,172,3.02
5852,Male,27,Sports,7,507670,134,1.87
4200,Female,25,Sports,15,1076885,79,1.77
9389,Male,24,No,9,1096077,197,3.61
8206,Male,22,No,8,618656,199,1.38
3312,Male,23,No,15,561170,45,3.7
4865,Male,23,No,14,833499,15,3.27
4160,Female,25,Societies,12,1891974,189,1.97
1199,Female,21,Societies,11,1776920,96,2.43
7250,Male,24,Societies,15,1247489,61,3.16
1408,Male,26,Sports,8,1553013,29,2.65
9439,Male,24,Sports,6,152782,173,1.82
9586,Female,25,Societies,9,527708,72,3.24
8957,Male,24,Societies,7,1263073,25,1.56
8509,Male,22,Societies,15,1383212,44,2.18
3805,Female,24,No,13,1512829,7,1.55
6369,Male,21,Sports,11,1289622,160,3.61
4683,Female,21,Societies,7,1961668,37,3.96
2738,Male,22,Sports,14,1026167,88,1.82
3357,Female,26,Societies,7,1216269,183,2.91
9993,Female,23,Societies,13,940139,15,2.3
5727,Female,27,Sports,15,1772173,99,3.72
1460,Female,21,Societies,6,1165317,189,3.86
3444,Female,26,Societies,9,914587,43,1.7
8493,Female,24,No,8,1745536,81,2.82
3763,Female,25,Sports,8,1114397,99,3.44
6764,Male,26,Sports,9,1755884,91,2.51
9194,Male,27,Sports,12,1018311,113,3.07
3459,Female,24,No,6,1005548,50,1.68
8885,Female,25,Societies,11,855486,39,3.66
4056,Female,27,No,7,1650529,13,1.32
6504,Female,24,Sports,12,350218,22,1.2
2550,Male,23,Sports,15,563159,69,2.78
9505,Female,27,No,10,878179,111,3.79
6933,Female,24,Sports,12,212836,98,2.76
4707,Male,21,No,15,322202,60,1.26
2621,Female,22,Sports,11,608907,63,3.8
3513,Female,23,Societies,7,1067466,138,3.59
1765,Female,21,No,15,220432,62,2.04
8227,Male,24,Societies,15,356631,45,3.13
7478,Female,25,No,14,1741151,17,2.8
2266,Male,22,No,15,1286297,9,1.49
5145,Male,25,No,9,1563737,180,2.38
8144,Female,23,Sports,10,276754,60,1.02
6594,Female,25,Societies,9,859761,112,3.75
4143,Male,26,Sports,8,1390372,174,3.5
1725,Female,21,No,5,1749883,133,1.89
2358,Female,25,Societies,13,284002,75,3.06
6905,Male,22,Societies,5,1353727,191,2.97
1922,Female,21,Sports,11,726198,38,1.6
7703,Male,22,Societies,14,1532883,17,3.75
5477,Male,26,Societies,5,691190,154,3.59
6151,Male,22,No,11,1631968,13,3.35
6569,Female,23,Sports,15,305800,117,3.43
1970,Female,23,No,11,702135,152,3.34
4711,Female,24,Societies,7,1588720,46,3.45
8698,Female,22,Sports,6,1579627,189,2.06
4285,Female,23,Societies,10,1982162,178,3.65
4078,Male,26,Societies,7,1170223,108,3.06
4549,Male,22,Sports,9,543048,178,2.18
8632,Male,23,No,9,655711,173,1.41
3195,Male,23,No,10,901730,190,2.75
9317,Female,22,Sports,9,1791437,156,3.07
8536,Female,21,No,12,559298,112,1.75
6191,Female,22,Societies,13,1976056,100,2.96
1055,Female,25,Societies,10,163868,73,1.33
5762,Female,26,Societies,14,1872061,129,3.19
5841,Male,22,Sports,9,643540,70,2.48
9263,Female,22,Societies,15,403739,20,3.46
3087,Female,23,Societies,15,1001879,198,1.18
2790,Female,24,Societies,9,932093,38,3.43
4685,Male,23,No,15,361983,195,2.3
7912,Female,25,No,12,1427800,92,3.68
5781,Male,22,No,11,1630295,121,3.49
6694,Male,22,Societies,12,1974939,131,1.85
5425,Male,26,Sports,8,602415,185,1.15
4371,Male,27,No,9,286166,93,1.96
2619,Female,23,Sports,13,1659434,89,2.56
1454,Male,23,No,13,1434419,30,3.18
7567,Male,27,Sports,9,1758843,143,2.49
8462,Male,26,Societies,11,1622138,79,3.42
8039,Male,22,Sports,9,1919873,12,1.65
7810,Male,21,No,14,1774228,157,1.38
3074,Female,23,Sports,12,1873325,113,3.25
4775,Male,22,Sports,13,1978379,115,2.35
5839,Male,24,Societies,6,1905420,159,3.08
6852,Female,27,Sports,13,1006215,46,1.3
4472,Female,22,No,14,1733091,167,3.51
2479,Male,22,Societies,5,483202,22,2.44
7426,Male,23,No,15,1351125,93,2.13
6413,Female,27,Sports,12,725880,70,3.58
7456,Female,25,No,12,671103,197,3.81
4065,Male,25,No,9,843568,185,2.47
6092,Female,24,Societies,8,1508724,168,2.5
5420,Female,23,No,7,242814,57,1.4
8407,Female,25,Societies,15,1238111,199,1.97
5242,Female,24,Societies,15,208125,129,1.15
4980,Male,26,No,5,1765304,47,2.27
2698,Female,21,Sports,6,592420,135,3.94
7563,Female,24,No,7,537179,11,3.87
6588,Male,23,Societies,14,661527,104,1.06
1726,Female,25,Societies,12,437641,95,1.25
3836,Male,26,Sports,10,390313,199,1.73
2512,Female,26,Societies,14,1179190,9,1.81
8052,Female,22,Sports,5,1289721,114,1.79
7507,Female,22,No,5,1142582,24,3.81
9557,Female,25,Societies,11,272437,74,2.2
2910,Male,27,No,7,1293075,18,2.03
4657,Male,23,Sports,5,382027,159,2.53
9913,Female,24,Societies,12,1868722,54,1.1
4271,Female,24,Sports,12,659921,117,1.97
4036,Female,23,Societies,13,826175,155,2.54
4326,Male,22,Societies,14,1916151,112,3.34
3930,Female,27,Sports,11,719987,45,2.78
7669,Female,26,Societies,10,1087896,18,3.74
1558,Female,22,Sports,15,728393,20,1.39
9786,Female,26,No,12,1707287,83,1.7
2054,Male,26,No,5,1708898,109,2.48
6394,Female,24,Sports,15,400921,65,3.29
1277,Female,23,Sports,13,1968492,145,1.02
2370,Male,25,No,7,1203956,170,2.4
3692,Male,21,No,8,919985,184,3.07
7079,Male,21,No,11,165986,94,1.32
7602,Female,25,No,12,1395013,50,3.46
5013,Female,27,Societies,15,1937683,188,1.2
6842,Female,25,Sports,12,1136161,149,1.95
2464,Female,24,No,13,1486794,178,1.47
3089,Male,22,Societies,5,1210380,139,1.65
3205,Male,26,No,11,156826,115,1.54
6980,Female,21,Sports,8,1184977,50,3.21
7140,Male,27,Sports,7,1886000,151,3.89
9227,Male,27,Societies,12,1756153,128,3.55
2089,Male,21,Sports,6,1864662,157,1.61
5464,Female,25,No,7,1477314,39,1.59
2224,Male,21,Sports,7,1075227,144,1.78
7178,Female,26,Societies,8,554492,73,3.22
7161,Male,26,Societies,13,303748,153,3.83
2742,Male,26,Societies,7,423109,118,3.26
3894,Female,26,Societies,12,1213702,39,1.41
2340,Female,21,No,15,644102,190,2.56
1273,Male,21,No,14,1081963,88,2.76
8620,Male,24,Societies,10,1518278,101,1.61
8133,Male,24,Societies,7,1958874,104,1.15
3152,Female,24,Sports,6,257777,80,1.03
3924,Female,26,Societies,6,1122267,125,1.2
6482,Female,25,Sports,14,1562916,160,3.64
9954,Male,25,Societies,13,211033,129,1.13
1767,Female,25,Sports,6,556559,88,1.44
9190,Male,23,Societies,13,1342205,104,2.67
2867,Male,26,No,7,1071374,10,3.71
1200,Male,22,No,6,1576084,81,2.04
5660,Male,23,No,8,1158466,74,3.1
2453,Male,27,Sports,12,1610060,31,2.64
4669,Male,26,No,8,1455866,81,2.22
7450,Male,21,No,5,1753587,38,2.68
9036,Male,27,Societies,14,1074241,110,1.93
1102,Female,21,No,9,901223,55,3.24
3545,Female,26,Sports,13,984595,53,2.89
8342,Male,26,Sports,5,1406368,158,1.92
6733,Male,24,Societies,5,1652338,121,1.77
4910,Male,27,Sports,6,1520141,129,3.95
9689,Female,27,Sports,7,1781817,79,1.84
4223,Female,26,Sports,7,496490,193,3.79
7648,Female,21,Societies,6,878364,43,1.39
5146,Female,26,Societies,10,638708,197,1.86
5200,Female,22,No,5,781531,123,1.29
1826,Female,23,No,15,282086,30,1.83
8451,Male,25,No,9,469614,28,3.65
3223,Female,24,No,12,818901,82,1.8
5347,Female,22,Sports,5,677231,130,2.53
2042,Male,27,No,7,1550075,134,3.99
6855,Female,24,Sports,9,1475069,168,1.7
4948,Female,27,Societies,8,596226,196,1.08
6099,Female,21,Societies,15,1847370,57,2.35
3632,Male,27,Sports,14,367045,12,2.9
9623,Female,21,Sports,10,1881431,168,2.94
4903,Male,23,No,5,807106,179,1.3
8987,Male,22,No,11,154542,113,2.65
5058,Female,21,Societies,9,1587125,99,1.44
6241,Female,23,Societies,10,1362573,161,2.46
2646,Male,21,Societies,5,529074,81,3.38
6801,Female,24,Societies,13,329039,12,3.22
1030,Male,27,Societies,9,1708942,156,3.52
9499,Male,22,Sports,9,1798793,12,1.71
7763,Male,23,Sports,13,692029,197,2.09
5258,Female,26,No,6,641398,42,2.4
9617,Male,24,Sports,8,1686651,101,2.85
9596,Female,23,Societies,6,1076729,197,2.92
6882,Female,24,No,10,209271,34,2.09
2475,Male,21,Sports,8,1107802,180,2.5
5377,Male,21,Societies,9,266967,64,1.54
8685,Male,22,No,10,1581015,86,2.86
9168,Female,24,Societies,12,634128,168,2.83
7974,Female,21,Societies,11,1144253,199,2.72
6730,Female,23,Sports,11,469690,137,1.45
3850,Male,27,Societies,10,744827,69,3.32
2017,Female,26,No,12,1685554,88,2.82
3163,Female,21,Sports,6,759850,166,3.39
7615,Female,24,Sports,10,1490734,95,3.12
1219,Female,21,Sports,12,424913,118,3.43
7251,Female,21,Sports,14,1842081,77,3.08
4678,Male,21,Sports,9,173169,189,2.95
1913,Female,23,No,9,230073,174,3.91
9164,Male,26,No,7,367296,113,3.44
1260,Male,21,Sports,14,1503194,156,1.87
8078,Female,27,No,10,319107,172,1.38
5375,Male,26,Societies,11,1327321,95,2.75
6466,Male,25,Sports,6,1894983,18,2.02
9790,Male,24,Societies,8,1324105,40,1.77
2670,Female,27,Societies,7,1485467,77,1.08
6614,Female,26,Sports,15,1498593,180,2.99
1261,Male,23,Societies,10,729647,97,1.73
5559,Female,24,Societies,13,224322,112,2.55
9276,Female,27,Societies,7,895285,43,1.86
9305,Male,23,No,14,1461710,94,2.12
4117,Female,26,No,12,1238693,20,1.54
9211,Male,21,No,7,908576,120,3.92
1146,Male,23,No,14,1049338,61,3.99
7149,Male,26,No,11,1170819,122,1.3
4611,Female,22,Societies,5,1315088,168,1.03
3184,Female,24,Societies,13,771361,157,1.59
9700,Female,23,No,9,161275,100,3.43
1650,Male,23,No,11,1553825,190,1.44
2960,Female,26,Societies,5,747068,164,1.55
3571,Male,23,Societies,12,1679700,6,3.95
1267,Female,24,Societies,13,165634,133,1.59
1964,Female,24,Sports,6,894991,115,2.84
6182,Female,24,Sports,5,1397809,135,3.63
7926,Female,26,No,11,1241852,81,3.36
7942,Male,25,Societies,14,1084279,176,2.99
3207,Female,25,Societies,13,1903425,172,3.46
7603,Female,26,Societies,9,1462800,107,2.88
6224,Female,21,Sports,8,132004,109,2.18
4362,Female,27,No,12,459386,85,3.22
7310,Female,25,Societies,11,1116262,129,1.96
9395,Male,21,Societies,7,1166272,184,2.69
8423,Female,26,Sports,7,1926855,105,3.01
2638,Male,23,Sports,13,813495,156,1.51
8286,Male,25,Sports,5,755138,80,3.7
5265,Male,26,Societies,12,1191594,143,4
4882,Female,26,Societies,6,493652,200,1.01
8205,Male,25,No,14,652425,31,1.47
5823,Male,21,No,7,1206542,20,3.68
4113,Female,23,Societies,13,1520639,16,3.76
3685,Male,24,Societies,11,478862,32,1.95
6004,Male,27,Societies,15,499281,7,3.37
5677,Female,26,Societies,7,195012,131,1.87
8964,Male,25,Sports,11,1436727,120,1.17
1447,Female,24,Sports,15,685751,72,3.05
5216,Male,27,Societies,13,1354869,143,2.01
1625,Female,24,Societies,10,119354,116,3.27
3686,Female,22,No,8,1529423,107,1.14
6948,Male,26,Sports,14,437358,26,3.7
3398,Male,25,Societies,15,907539,32,3.15
5517,Female,26,Societies,11,1324227,135,3.15
4486,Female,21,Societies,9,848385,77,3.73
5965,Female,22,No,12,1564844,96,3.69
3857,Female,24,Sports,15,1767358,10,2.6
2061,Female,22,Sports,9,1047528,10,2.82
6877,Female,21,No,11,237908,69,1.09
6277,Male,22,Sports,13,984228,84,3.17
9868,Male,22,Societies,14,1938256,90,3.11
9536,Female,26,Societies,5,980938,11,3
2713,Female,21,Societies,8,1575010,42,2.07
8793,Male,24,Societies,9,1435734,90,1.55
5088,Female,21,Sports,8,1677807,103,1.24
3558,Female,26,No,12,218552,97,1.84
7342,Male,26,No,10,1456441,60,3.47
2505,Female,24,No,11,803505,15,2.7
5576,Male,25,No,5,558647,41,1.84
9018,Female,22,Sports,9,1624443,172,1.36
4869,Male,23,Societies,10,1315142,196,3.25
6075,Female,27,No,7,647083,115,3.09
5189,Female,25,Sports,11,832809,76,2.75
3508,Female,27,Societies,5,356319,88,3.14
6609,Male,26,Sports,11,1296964,170,3.04
1405,Female,24,Societies,11,1175106,167,2.82
1918,Male,21,Sports,5,289769,8,3.12
3752,Female,21,Sports,7,1377598,98,3.2
3873,Female,26,Sports,15,502163,90,2.14
2228,Female,27,Societies,6,1267862,34,3.17
5786,Female,25,Societies,11,693512,36,1.75
1467,Female,24,No,15,1493239,173,1.37
7320,Male,25,No,14,732612,163,1.65
7389,Female,25,No,7,385659,142,2.51
2415,Female,26,Societies,8,1213829,71,1.21
7629,Female,21,Sports,9,1635146,34,3.29
2507,Male,26,Sports,6,384922,196,1.42
7004,Female,27,Societies,7,1533563,144,2.13
3019,Male,23,Societies,6,1829337,128,3.67
6089,Female,27,No,15,1257595,143,3.27
2094,Female,23,Societies,8,1283402,189,1.23
2616,Male,24,No,12,1414955,106,2.93
3584,Male,27,Societies,6,346841,25,2.99
6635,Male,22,Sports,7,234669,157,1.17
8400,Male,25,No,13,284912,54,1.66
7686,Female,21,Sports,14,1952197,199,2.92
9903,Female,24,Societies,10,1423896,172,2.21
5960,Female,23,Societies,10,601473,168,3.31
7821,Male,26,Societies,11,1931662,190,2.92
9431,Female,26,Sports,6,1766906,198,3.71
7844,Male,22,Societies,6,1597654,43,1.36
3103,Male,26,No,9,1789642,190,1.65
7640,Male,27,Societies,6,1266053,52,2.39
7363,Female,22,Sports,13,261776,65,2.45
5494,Male,23,Sports,12,917120,152,3.96
1348,Male,27,Societies,13,709954,114,1.29
1936,Female,21,Societies,10,288951,12,3.91
9535,Female,25,Sports,12,1027337,45,3.05
6002,Male,27,Sports,7,737513,98,1.06
2788,Male,24,Societies,12,444753,122,2.84
6042,Female,25,Societies,7,516218,73,1.5
1867,Female,23,Sports,14,1313768,89,1.9
5885,Female,24,Sports,9,835994,189,2.29
2491,Male,23,Societies,12,953508,136,1.48
9285,Female,22,No,10,1200725,80,1.42
6111,Female,23,Sports,12,650408,82,2.1
3854,Male,26,Societies,12,871379,165,1.24
2295,Female,25,Societies,11,522403,69,2.95
6078,Female,25,No,15,1469481,101,3.05
3541,Female,24,Sports,6,1641501,72,1.01
5346,Female,21,Sports,7,1350482,13,2.23
6088,Female,27,No,8,1302581,147,3.5
8872,Male,27,No,5,672328,99,2.64
4451,Female,24,Sports,10,302832,36,2.86
1227,Male,23,No,7,367418,122,2.11
5473,Female,22,No,8,1908165,41,2.3
3472,Female,24,No,9,882529,79,3.23
2509,Female,21,Societies,14,1753114,25,2.6
3867,Male,21,No,5,1447440,144,3.33
9966,Male,27,Societies,13,1040635,12,3.99
9810,Female,23,No,7,1048824,29,1.21
3673,Male,23,Sports,14,1952922,160,1.92
5350,Male,22,No,9,647182,130,2.83
9104,Male,21,No,14,339957,172,1.09
1827,Male,27,Sports,14,973558,29,1.99
4115,Female,22,Sports,7,196084,114,1.25
6123,Female,27,No,6,1484047,109,2.5
3206,Male,27,Societies,6,111556,95,2.5
6365,Female,22,Societies,14,1027828,93,2.06
7432,Female,21,Sports,5,592272,153,2.58
5023,Female,24,Sports,10,816696,197,3.44
7817,Male,25,No,12,635954,61,1.51
3842,Male,22,Sports,7,780581,80,2.37
5382,Female,21,Sports,6,1653189,157,3.15
1548,Female,26,Societies,7,1595314,95,3.1
8088,Female,23,Sports,5,1802758,142,1.87
5961,Male,21,Societies,13,1306065,42,2.45
3027,Female,25,Societies,15,1170163,10,2.43
1821,Male,27,No,11,533466,38,3.97
8775,Male,23,No,10,866151,132,3.22
7578,Male,22,Societies,14,1394781,20,1.31
2762,Female,24,Sports,15,672573,58,2.77
7118,Female,27,Sports,13,570805,97,2.15
7637,Female,23,Societies,11,1653393,43,1.78
3973,Female,21,Sports,8,1845811,70,3.84
3035,Male,26,Societies,11,537940,157,1.8
9946,Male,26,Societies,8,1398001,136,1.71
8708,Female,24,Sports,6,925986,140,3.86
8458,Male,23,No,14,187412,119,1.4
5188,Female,27,No,14,652496,176,1.88
1527,Female,21,Societies,6,1440638,115,2.79
2253,Female,26,No,11,674552,192,3.92
2989,Female,25,Societies,6,1150026,33,2.49
3808,Male,24,Societies,14,1003760,143,2.58
7135,Male,21,Societies,6,938056,10,3.37
6183,Female,27,Societies,12,1185231,32,2.94
1175,Male,26,Sports,12,1736038,33,1.79
5341,Male,24,Societies,14,1330032,153,3.4
7259,Male,21,No,12,1170993,139,2.28
1398,Male,25,No,11,579053,103,2.57
9256,Female,21,Sports,5,1066563,8,1.25
8684,Male,23,No,6,243630,39,2.11
5799,Male,24,Sports,11,318621,25,1.98
4913,Male,21,Sports,11,1934210,96,3.66
8191,Female,25,Societies,8,1934872,58,3.45
1346,Male,23,Societies,6,1506666,57,1.29
8797,Male,22,No,5,100500,31,3.78
7272,Female,21,Societies,10,1687575,39,3.87
2914,Male,21,No,13,1343354,33,3.49
9622,Female,24,Sports,7,436403,33,3.69
2693,Female,24,Societies,13,701961,10,1.05
7367,Male,24,Societies,5,332181,97,3.63
7158,Male,27,Societies,7,1226109,158,3.72
7295,Male,25,No,6,1207373,16,3.62
1990,Female,24,Sports,5,1706602,29,3.89
1370,Female,25,Societies,15,421319,9,4
1808,Male,23,Societies,10,681865,84,3.12
7155,Male,27,No,12,1535637,169,1.71
1596,Female,26,No,15,645093,128,2.41
9901,Female,24,Sports,9,1488157,97,3.85
6475,Male,21,Societies,7,1098997,7,1.49
3928,Male,26,Sports,8,1745881,118,2.71
4389,Male,24,No,8,1994999,39,1.82
5285,Male,24,Sports,11,989311,194,1.58
9222,Female,22,Sports,5,633816,138,3.31
6039,Female,27,Societies,6,762795,32,1.86
4771,Male,27,Sports,14,474973,168,1.55
9874,Female,26,Societies,10,263413,196,1.14
5753,Male,21,No,15,286910,142,3.41
7518,Female,27,No,11,1136953,137,3.58
2132,Female,21,Societies,11,178188,114,2.76
1719,Female,21,No,12,1971881,100,3.69
3993,Female,22,Societies,5,1960033,12,2.11
3471,Female,25,Sports,13,930994,182,3.62
8940,Male,21,Sports,9,1073969,14,3.1
6118,Male,22,No,8,661625,89,3.93
9982,Female,27,No,13,1166616,181,1.66
5397,Female,26,No,11,235011,35,2.36
1581,Female,23,Societies,15,550689,109,1.4
8832,Female,24,No,12,923260,42,3.41
4267,Male,24,Sports,5,158664,102,3.11
5326,Female,26,Societies,9,184080,75,2.53
1487,Female,25,Societies,10,357149,158,2.4
9941,Male,25,Societies,8,1552325,15,2.1
1168,Male,22,No,13,1878751,105,2.54
1401,Female,21,Societies,10,1138558,52,1.94
1410,Female,27,No,11,458675,17,2.13
5047,Male,22,Societies,7,1995471,130,1.33
1604,Male,22,Societies,11,1595229,200,3.37
5472,Male,23,Sports,11,1271799,32,3
7824,Female,27,Sports,9,1648587,33,3.52
2231,Female,26,Sports,14,1602311,146,1.44
1884,Female,24,No,10,1080036,75,2.56
8966,Male,23,Societies,10,1989883,99,3.07
5229,Female,24,Sports,11,1795593,148,2.3
3273,Female,23,Societies,10,488927,66,2.41
8605,Male,22,Sports,10,634575,66,2.25
6878,Male,25,Societies,7,694279,27,3.63
4330,Male,23,Societies,14,1430000,107,3.32
8121,Female,24,Sports,10,339609,81,3.01
4627,Female,27,Societies,10,286068,191,2.41
9188,Female,21,Societies,7,518967,81,1.42
3987,Male,22,No,11,708525,88,3.95
6832,Female,27,Sports,11,993025,174,2.57
9974,Male,24,Sports,15,963719,20,2.21
3843,Male,22,Sports,14,429002,80,1.07
3111,Male,25,Sports,15,1637977,143,3.79
1050,Male,24,Societies,9,988215,161,1.27
9052,Male,21,No,9,1147319,131,1.82
5461,Male,23,Sports,8,1422896,197,3.44
8732,Female,25,Societies,10,1820365,132,2.25
3988,Male,22,Sports,9,1816386,34,3.71
4421,Female,24,No,5,1606267,132,1.85
7779,Female,22,Sports,14,118035,78,2.05
2033,Female,22,Sports,9,934166,30,2.37
8875,Female,23,No,10,303782,158,2
8694,Female,23,Societies,10,1360739,187,3.85
1441,Male,21,No,5,1435079,181,1.94
7505,Male,24,Sports,12,1938756,17,1.45
5681,Male,27,No,8,1986661,116,2.84
4408,Male,25,No,12,227266,86,1.13
2389,Male,23,Sports,13,331492,16,3.88
9294,Male,22,Societies,9,1535280,112,2.85
8280,Female,21,No,12,403164,72,1.49
2050,Male,24,No,15,710116,82,2.05
5227,Male,26,No,7,1883068,45,3.94
7948,Male,21,Sports,9,193327,165,2.43
6786,Female,24,Societies,5,239323,81,3.53
1358,Female,21,Societies,12,195149,23,1.49
4093,Female,22,No,9,1809631,117,2.15
4612,Male,22,Sports,6,290794,90,2.26
8774,Male,22,No,14,304028,74,1.15
5923,Male,21,Sports,8,563321,42,1.4
1691,Female,24,Sports,15,123391,200,2.91
7386,Female,25,Societies,12,1411099,40,2.72
8285,Male,21,Societies,15,629042,114,3.68
5867,Male,21,No,6,665898,35,3.89
9252,Male,24,No,12,1855124,45,3.32
3731,Female,21,No,7,1900608,200,1.53
7552,Male,27,Sports,7,1099349,97,3.34
3350,Female,21,No,13,1350024,149,1.02
4598,Male,21,Societies,10,1003204,49,1.58
5996,Female,26,Sports,14,1725442,33,1.17
3958,Male,26,Sports,5,1300620,171,1.5
7195,Female,24,Societies,9,1530893,82,2.41
4653,Male,25,Sports,7,941546,119,3.72
6712,Female,24,Societies,9,1601116,167,2.77
9740,Female,27,Sports,5,1978751,27,2.77
4600,Male,25,Societies,5,1351786,106,1.88
6431,Male,23,No,5,1540107,122,1.35
3893,Female,24,Societies,10,1104843,111,1.08
8914,Female,23,Societies,14,1274658,84,3.59
1782,Female,21,Sports,8,1100179,56,3.26
6527,Female,23,No,5,361557,70,1.17
6063,Male,21,No,10,1179546,45,3.77
6171,Male,24,Societies,8,779642,150,3.38
7015,Female,27,Sports,13,513783,111,2.71
6608,Female,22,Sports,13,271901,137,1.11
1737,Female,25,No,10,1080056,89,3.75
8490,Male,24,No,11,519573,153,2.26
7377,Male,26,No,14,1145159,192,1.99
8316,Female,27,Sports,13,541948,74,1.21
9258,Male,26,Sports,15,271568,16,1.46
3387,Male,25,No,9,425142,140,2.62
7861,Male,21,Sports,9,1587344,109,3.15
5575,Male,26,No,10,513087,111,2.16
1588,Male,22,Societies,9,577169,119,2.6
4268,Male,24,Sports,5,927231,6,1.21
8511,Female,21,No,13,1814863,111,2.39
2842,Female,27,Sports,10,1709843,98,3.13
5336,Male,25,Sports,9,917302,108,1.36
3717,Female,23,Societies,13,1858806,67,3.92
6149,Female,27,Societies,12,1833478,68,3.14
5394,Male,24,Sports,10,805746,96,1.13
5154,Female,24,No,11,1780301,37,2.73
9890,Male,22,Societies,15,1880004,119,1.79
9582,Male,27,Societies,13,1873813,32,1.1
9661,Male,24,No,9,1764153,33,1.64
1571,Female,22,Sports,10,171005,117,3.11
1338,Female,23,Sports,13,1864091,37,3.5
8702,Female,24,Sports,6,1209355,168,2.14
5161,Female,24,Societies,6,1795711,145,1.93
3963,Female,24,Societies,14,1328499,168,2.88
2972,Male,26,Sports,7,1190447,67,1.15
2891,Female,26,Societies,13,548031,113,2.27
3225,Female,26,Sports,5,115141,47,1.88
3106,Male,24,No,10,795579,104,2.36
2854,Female,25,No,14,1299322,114,1.23
8848,Male,25,No,7,537408,21,1.84
2629,Male,27,No,5,366021,88,1.97
2933,Male,24,Sports,9,1158095,84,1.53
7935,Male,24,Sports,6,1016568,75,1.53
1205,Female,22,Societies,9,796681,174,1.07
3683,Male,23,No,9,1721311,57,1.7
6339,Female,22,No,5,388006,83,1.05
5345,Female,26,Societies,5,1177645,122,2.08
4788,Female,24,Societies,7,302914,76,3.92
8003,Male,23,No,9,1273720,155,1.62
3025,Female,26,Sports,9,1991584,66,3.62
9852,Female,24,Societies,5,1745479,141,1.33
2022,Male,21,Societies,6,1570151,91,2.43
5490,Male,23,No,15,547893,56,2.2
2524,Male,26,Sports,9,530921,21,3.87
2211,Male,21,Sports,10,1942205,13,1.84
2214,Male,21,No,11,621261,146,2.45
7487,Female,25,No,10,742068,44,3.05
2357,Female,26,Societies,14,1212900,101,2.36
8629,Male,23,No,14,784865,28,1.95
6952,Female,25,No,7,1481456,158,1.18
6774,Male,23,Sports,7,909604,144,2.84
7410,Male,25,No,5,1700587,42,2.14
3863,Male,23,No,13,1651607,156,2.06
5319,Male,21,Societies,7,1151363,192,1.48
7332,Female,25,No,10,1701306,167,2.18
2775,Female,25,Sports,12,1403301,57,3.77
1045,Female,21,No,12,838560,104,3.46
8898,Male,21,No,11,1627475,34,1.17
3149,Male,21,No,5,1367816,11,3.46
4983,Female,23,Societies,6,528233,96,2.6
5423,Male,26,No,14,1688417,200,3.71
2245,Female,22,No,6,949478,5,1.79
9162,Male,27,Societies,14,882984,34,1.58
9374,Male,24,No,13,671030,157,2.4
2030,Male,25,No,15,1062009,104,2.1
8083,Female,24,Societies,14,1672564,96,2.76
2936,Male,25,No,9,740839,64,2.76
7400,Male,27,Sports,14,1276401,66,1.7
3543,Male,26,Sports,11,1397752,59,2.23
3347,Male,23,Societies,12,387218,91,2.65
3572,Female,22,Sports,10,663420,191,2.12
7125,Female,22,Sports,7,1541458,124,1.75
5892,Male,22,Societies,15,1870497,189,2.98
2630,Female,22,Societies,15,420135,76,3.54
9728,Female,24,Societies,5,891921,10,3.66
4740,Male,23,Societies,15,989819,51,1.69
9836,Female,27,Societies,7,934432,22,3.77
3837,Female,23,Societies,7,768951,21,1.34
5479,Male,25,No,10,1661443,24,1.35
9791,Female,23,Sports,11,596386,133,1.58
5529,Female,26,Sports,5,1961242,98,3.7
5261,Male,21,Societies,8,1389674,147,3.95
2356,Male,27,No,9,1348483,123,3.44
2374,Female,22,No,8,1174008,77,2.53
1626,Female,21,Societies,11,1963752,142,3.68
3255,Female,26,Societies,13,1095364,186,3.83
9560,Male,24,Sports,14,749694,94,2.92
3428,Male,22,No,7,564403,133,1.76
4790,Female,21,Societies,14,1408204,146,1.03
9028,Male,25,Sports,8,401372,188,1.22
4731,Male,22,Sports,5,1029357,22,1.21
9465,Male,24,Sports,5,1382490,50,1.87
8840,Female,22,Sports,15,1974317,9,3.5
4706,Male,23,Sports,13,1495551,47,2.79
8017,Female,26,Societies,8,840871,44,1.96
4262,Male,27,Societies,9,1497599,32,1.13
6698,Female,22,Societies,14,1992812,24,3.69
9476,Female,23,Sports,5,1495918,146,1.77
1664,Female,23,Sports,7,1375468,138,2.48
4846,Male,23,Sports,15,922114,125,1.77
9922,Female,24,Societies,13,1084916,10,1.35
9674,Female,21,Societies,13,226542,154,3.01
8680,Female,26,Societies,9,711675,77,2.43
4694,Male,23,Sports,5,139906,36,2.1
9637,Female,27,Societies,11,553383,39,1.63
6783,Male,24,No,8,693576,110,3.78
1543,Male,23,Sports,8,1032401,113,2.77
2833,Male,27,Sports,11,1140129,9,1.12
7587,Male,25,Societies,9,665674,109,1.28
4201,Male,23,Societies,7,1384294,154,3.61
2734,Female,21,Sports,14,1444123,36,3.09
2118,Female,26,Sports,11,308169,32,2.72
8747,Male,21,No,9,1730965,122,2.44
7692,Male,26,No,15,307588,167,2.09
4640,Male,26,No,8,1049432,86,3.48
2815,Male,22,Sports,6,361987,90,2.74
6771,Male,21,Sports,9,1202786,169,3.96
7892,Male,24,Sports,12,1504557,60,3.61
8535,Female,26,No,11,1371373,141,2.16
3537,Male,26,Societies,15,332428,75,2.46
8221,Female,26,Societies,6,282492,74,3.37
2984,Male,26,No,5,1660802,191,3.13
9475,Female,25,Sports,14,1279085,121,3.08
8945,Male,21,Societies,11,562557,73,1
8270,Male,24,Sports,8,1201606,86,1.06
5637,Male,25,No,10,925761,177,3.45
3169,Female,25,No,8,1675694,66,1.2
8587,Male,27,Sports,9,815521,195,3.75
6136,Male,22,Sports,9,1434537,5,1.87
8611,Female,21,Societies,6,466717,98,1.13
3423,Female,22,Sports,6,646273,184,2.1
7000,Male,21,No,8,1336374,137,2.66
6420,Male,26,No,13,1700421,82,2.98
2366,Male,27,Societies,7,1849151,80,1.16
1774,Male,24,Sports,6,789174,185,2.61
2966,Female,23,Sports,15,1196148,120,3.42
6981,Male,21,Societies,14,733413,192,2.43
8430,Female,25,No,10,1879493,192,2.08
8356,Female,21,Societies,6,316256,25,3.23
2074,Male,23,No,5,1871539,42,2.82
8414,Male,26,Sports,5,1844308,150,3.3
1606,Female,23,Societies,5,221240,79,1.89
4681,Male,24,Sports,9,1484120,77,1.87
1413,Female,25,Sports,12,1020687,87,2.69
9670,Male,27,Sports,8,1690366,185,1.47
5642,Female,22,Societies,10,1805963,55,3.83
3355,Male,22,Sports,10,1114115,83,2.09
8192,Male,26,No,15,331839,116,3.34
6223,Female,27,Societies,9,666148,121,1.77
2469,Female,21,No,10,221738,128,1.16
9835,Male,24,No,5,1998360,106,1.51
7777,Male,27,Societies,8,952201,76,2.46
6284,Female,21,No,15,393884,149,2.31
2320,Female,26,Societies,5,812491,144,3.2
5931,Male,23,Societies,8,318019,7,2.16
7273,Male,25,Societies,10,139024,79,3.92
1579,Male,22,Sports,13,1807968,105,2.78
3307,Male,22,No,13,1161807,113,1.46
5240,Female,21,No,13,870639,110,2.98
2906,Male,22,Societies,6,1177629,11,3.5
6141,Female,24,No,6,1610560,191,3.89
9863,Male,22,Societies,10,630445,24,2.44
6663,Female,27,No,9,243716,116,3.92
6218,Female,23,Sports,7,1631286,33,3.93
5751,Female,25,No,13,1336917,86,3.38
8705,Male,21,Societies,11,1214634,61,2.65
9976,Female,23,Societies,11,183513,125,3.63
3771,Male,22,No,15,1623347,134,2.47
1699,Female,23,Societies,6,748775,85,1.62
2053,Male,21,Societies,5,1039796,193,2.64
8641,Female,27,No,6,494359,101,1.08
1667,Female,22,Societies,12,983659,61,3.86
4081,Male,26,Sports,12,1302039,84,3.73
5981,Female,25,Sports,11,203747,45,1.24
8326,Female,22,Societies,10,991642,49,1.68
4682,Male,24,Societies,12,1525819,35,1.88
1189,Female,26,Sports,13,943378,154,2.36
3162,Female,23,Societies,12,471544,180,2.91
9420,Male,26,Sports,14,693166,40,1.56
5186,Female,24,Sports,14,1705718,194,1.45
2152,Male,22,Societies,9,1218704,44,3.15
1332,Female,25,Sports,10,860367,95,3.22
4205,Male,24,No,12,1705802,75,2.11
8339,Male,26,No,15,1811711,101,3.68
7466,Male,26,Sports,11,1605399,133,2.53
4352,Female,26,Societies,9,1680573,14,3.43
5918,Male,21,Sports,5,1052988,121,2.21
5075,Male,25,Sports,10,877721,109,3.09
2931,Female,24,Sports,14,1796609,101,1.28
8887,Male,23,Sports,15,154924,14,2.03
1075,Female,21,No,7,691271,78,1.79
8265,Male,25,Sports,11,1274688,92,2.96
5228,Male,21,Societies,14,1648742,65,3.99
4538,Male,24,Sports,5,1704422,141,1.26
2542,Male,26,No,5,1487588,160,2.79
7918,Male,27,Societies,9,982587,110,3.86
1012,Male,23,No,11,754167,60,1.77
1888,Male,27,Societies,8,1117710,106,2.11
3793,Female,25,Societies,14,1056927,49,2.17
7265,Male,21,Societies,15,1399780,35,2.73
6388,Male,26,Societies,7,1496550,61,2.74
2974,Male,26,Societies,8,946966,104,2.43
3142,Female,27,Societies,5,1755017,65,2.84
9080,Male,24,No,8,134026,131,2.86
4997,Male,21,Societies,8,860609,71,3.33
7695,Female,24,No,5,863909,55,1.85
6341,Female,22,No,15,1208774,141,1.29
6144,Female,23,Sports,9,933499,30,3.23
9979,Male,22,Sports,8,1416546,158,3.49
6391,Female,22,Sports,8,307996,76,2.27
8328,Female,23,No,12,1342919,44,2.17
2643,Male,26,Sports,6,257259,86,3.91
4839,Male,27,Societies,5,1586239,50,2.35
7551,Female,27,Societies,11,1694815,187,1.18
9148,Female,24,Sports,13,725545,93,2.25
5594,Male,25,Societies,9,735784,128,1.65
9419,Female,21,Sports,12,671559,128,1.98
7929,Male,27,Societies,11,1837459,141,3.2
8897,Female,22,Sports,12,1704170,109,3.07
7352,Male,27,Sports,7,1131650,78,3.95
4136,Male,25,Societies,7,1091948,110,2.26
7770,Female,22,Sports,7,869933,105,3.65
3328,Female,22,No,6,243382,94,3.51
5969,Male,26,Sports,13,291485,96,3.38
6470,Male,22,Sports,11,1010950,7,1.95
6961,Male,24,No,9,622537,23,3.78
5721,Male,27,Societies,13,1944445,178,2.66
9776,Male,21,Societies,6,737240,188,2.4
1614,Male,22,No,13,210642,173,2.52
3416,Female,21,Sports,12,885998,15,2.26
7704,Female,22,No,13,116884,54,2.92
1516,Female,27,No,5,1441724,86,2.5
9825,Female,25,Societies,15,782105,143,2.81
8578,Female,25,Societies,12,674642,189,2.83
6280,Female,26,No,14,1006527,189,3.23
8220,Male,26,Sports,6,724101,132,2.7
4971,Male,23,Sports,8,1582309,117,3.23
2968,Male,23,No,13,725543,28,1.45
2976,Female,24,No,8,193427,137,2.22
8592,Female,27,Societies,6,1653326,193,3.82
2414,Male,27,Sports,5,273445,132,1.01
5584,Male,23,Sports,6,794247,62,1.67
2368,Male,23,Societies,8,1052007,48,2.87
2176,Male,24,Sports,15,1384833,105,2.5
9193,Female,22,Societies,13,1452918,171,3.41
5962,Male,23,Societies,10,1281759,53,1.12
9391,Male,25,No,10,1654765,38,3.54
8878,Female,27,No,11,1840855,97,2.62
7963,Male,27,No,13,210344,161,2.94
5760,Male,23,Sports,7,1967568,42,2.03
2384,Female,22,Societies,14,985905,155,2.43
4605,Female,23,Societies,9,1555931,102,1.39
9765,Male,27,Sports,14,1334503,70,2.55
2703,Female,25,Sports,5,1069237,48,3.55
4110,Female,23,Sports,15,448013,189,1.87
8330,Female,22,No,12,207483,189,1.01
4227,Male,23,Sports,13,316955,81,1.13
6655,Female,25,Sports,10,506707,73,1.57
9444,Female,27,Sports,8,1709698,147,1.27
8125,Female,22,Societies,6,411196,163,2.28
7127,Male,27,Societies,7,536674,51,3.01
8745,Female,21,No,13,809270,155,1.97
4540,Female,22,Societies,15,1898083,90,2.6
7116,Male,23,Sports,12,1269665,34,1.4
5950,Male,22,Sports,10,1845615,53,3.41
3075,Male,25,No,9,1769020,133,2.79
7255,Female,23,Societies,14,954509,104,2.1
7721,Female,27,Societies,6,277899,139,2.03
6518,Female,22,Societies,9,391746,25,2.64
5875,Female,25,No,7,366168,17,1.58
4673,Male,21,Sports,7,132737,53,1.93
1592,Male,21,No,8,770981,187,1.62
6334,Female,25,Societies,13,1598346,105,1.31
3242,Male,23,Sports,7,1834343,144,3.11
1067,Female,25,Sports,5,923973,23,3.92
9600,Female,22,Societies,12,457928,37,2.2
3486,Male,24,Sports,10,1955927,174,2.02
4943,Female,23,No,12,1923183,111,2.27
8551,Female,24,No,5,1955000,161,2.88
5436,Male,22,No,8,1383251,118,1.31
6037,Female,27,No,14,417289,17,2.92
6454,Male,24,Sports,8,1167508,46,3.35
8498,Male,24,No,8,1110065,108,3.7
8907,Male,22,Sports,14,548391,121,1.85
4014,Male,26,Societies,8,998731,89,2.04
3788,Female,22,Societies,6,189838,197,1.8
2258,Female,24,No,13,1983701,6,2.23
3374,Male,21,Societies,8,450468,81,2.98
2403,Male,23,Sports,5,1927671,122,2.1
2397,Female,25,Societies,8,1877974,200,2.15
5207,Male,25,Societies,5,929074,33,3.48
8642,Male,26,No,9,144753,85,2.83
1758,Male,27,No,10,509580,11,1.81
7547,Male,26,Societies,7,1140246,125,1.2
8155,Male,22,Societies,8,1753060,84,1.57
2873,Male,21,No,8,1073448,14,2.26
5909,Female,26,Societies,13,331403,73,2.07
1078,Male,22,No,11,1019720,110,1.96
3981,Female,22,Societies,12,1580208,25,3.12
6638,Female,26,Sports,6,1135478,33,3.43
8236,Female,22,Sports,12,1884174,126,2.63
6232,Male,27,No,8,1912984,190,1.3
5810,Female,25,Societies,5,1321095,98,3.56
3026,Male,27,Sports,14,1329469,86,3.17
4094,Female,25,Sports,15,758569,145,2.57
9434,Male,21,No,10,1282209,151,1.52
1340,Female,27,Sports,5,1128950,139,1.54
7137,Female,21,Societies,15,201048,122,2.3
1672,Male,23,No,13,1088262,64,3.6
4080,Female,26,Sports,5,660503,134,3.04
3438,Male,21,Sports,6,1184000,20,3.46
7835,Female,25,Sports,15,784665,67,2.98
3665,Female,26,No,6,1259955,171,1.34
2496,Female,25,Societies,11,1706484,80,2.27
5797,Male,21,Sports,12,1632434,30,2.86
6922,Female,26,Sports,13,1111110,122,2.34
1833,Female,23,Societies,9,1044160,60,2.04
8261,Male,23,No,15,248267,165,1.27
1375,Male,26,Societies,7,1388571,34,3.99
6294,Male,22,No,15,1795371,149,1.38
2929,Male,22,Sports,6,472522,183,1.32
1112,Male,24,Societies,9,1944238,12,3.15
8435,Male,27,Sports,11,1902442,18,1
4042,Male,23,Sports,13,1051964,41,1.99
2952,Female,21,No,13,1216329,172,2.72
2169,Male,21,No,13,600182,19,2.2
5613,Female,21,Societies,11,1930273,182,2.9
2753,Female,27,No,11,1437900,117,3.48
4725,Male,27,Sports,11,1413966,134,2.82
7897,Female,22,Societies,11,1974955,125,1.36
2977,Female,26,Sports,12,1498319,133,1.34
6847,Male,22,Societies,6,557023,99,1.74
2244,Male,27,Sports,10,1819455,40,1.79
7348,Male,23,No,12,1356452,104,3.33
2961,Female,25,Sports,8,1017014,68,2.58
5327,Male,25,No,5,1124362,20,1.26
2013,Male,24,No,7,546251,157,1.66
2447,Male,27,No,6,359970,59,1.31
7475,Male,25,Sports,15,1377546,91,2.66
8952,Male,22,Sports,5,1176778,142,1.83
4964,Male,22,No,15,1471196,191,1.54
2173,Female,21,Societies,8,600838,127,1.49
5485,Female,27,Societies,13,1318262,196,2.35
9185,Male,24,Sports,9,917025,132,3.16
4778,Female,23,Sports,5,1106969,127,2.55
4017,Female,24,Societies,7,626642,96,2.57
4273,Female,23,No,12,609341,69,1.57
6850,Male,25,Societies,15,1341979,138,2.97
5628,Female,22,No,14,530909,122,3.12
1687,Male,24,Sports,9,1420969,101,3
5278,Male,25,Societies,8,251535,155,1.42
7304,Female,26,Societies,10,698901,181,2.69
3725,Female,21,Sports,5,442173,187,3.76
4690,Female,24,Societies,11,1884840,97,3.55
8107,Male,23,No,14,738690,68,3.98
1995,Female,26,No,12,459848,149,3.75
7794,Male,21,No,9,1595967,89,3.84
8733,Female,25,Societies,8,1406392,55,3.21
9931,Male,25,Societies,11,1574451,129,3.81
7270,Female,25,Sports,10,920200,142,1.58
5080,Female,25,No,11,1733451,119,1.52
2202,Female,22,No,6,1764223,67,1.06
4905,Male,26,No,7,925678,53,2.27
7965,Female,21,Sports,11,1082546,166,1.59
6441,Female,22,No,14,914306,112,1.05
4129,Male,26,Societies,15,1743837,65,2.37
7837,Male,21,Sports,15,211862,81,3.3
4190,Female,26,Sports,8,359170,59,2.85
2085,Female,27,Sports,15,1774946,181,1.38
5072,Male,25,Societies,15,1412232,47,1.66
4045,Female,21,No,12,1714959,98,2.49
9754,Female,25,No,6,1877391,73,2.19
1578,Male,27,No,5,367022,19,2.59
9105,Male,24,Societies,11,1445399,130,1.4
3540,Male,21,Sports,5,1028447,195,3.59
9950,Male,23,Societies,9,354673,94,1.5
5937,Male,25,Societies,12,346274,21,3.93
3684,Male,24,Societies,15,1502555,184,2.37
4256,Male,24,Societies,10,1825142,25,3.4
5129,Female,22,No,5,1675219,27,2.32
2365,Male,24,No,8,947439,125,2.7
5140,Male,26,Sports,6,1912975,67,1.36
4976,Male,22,Societies,12,341543,86,1.88
6398,Male,23,No,12,975142,87,3.36
